{
  "urls": [
    "audio2.mp3",
    "audio2.ogg",
    "audio2.m4a"
  ],
  "sprite": {
    "BonusIntroLevel1": [
      0,
      3192.743764172336
    ],
    "BonusIntroLevel2": [
      4050,
      3541.0430839002265
    ],
    "BonusIntroLevel3": [
      8100,
      3854.5124716553278
    ],
    "BonusIntroLevel4": [
      12149.999999999998,
      3738.412698412699
    ],
    "BonusIntroLevel5": [
      16200,
      3436.553287981859
    ],
    "ReelStop": [
      20250,
      234.01360544217553
    ],
    "BonusTrigger": [
      21299.999999999996,
      2141.882086167801
    ],
    "BonusVOTerm": [
      24349.999999999996,
      2374.9886621315177
    ]
  }
}