{
  "urls": [
    "audio3.mp3",
    "audio3.ogg",
    "audio3.m4a"
  ],
  "sprite": {
    "BonusLevel1S01": [
      0,
      6306.938775510204
    ],
    "BonusLevel1Scatter": [
      7050,
      6907.936507936509
    ],
    "BonusLevel2S01": [
      14100.000000000002,
      6306.938775510204
    ],
    "BonusLevel2Scatter": [
      21150.000000000004,
      6919.546485260771
    ],
    "BonusLevel3S01": [
      28200.000000000004,
      5998.526077097509
    ],
    "BonusLevel3Scatter": [
      34250.00000000001,
      6623.718820861675
    ],
    "BonusLevel4S01": [
      41300.00000000001,
      6306.938775510204
    ],
    "BonusLevel4Scatter": [
      48350,
      6884.71655328798
    ],
    "BonusLevel5S01": [
      55400,
      6161.541950113381
    ],
    "BonusLevel5Scatter": [
      62450,
      6727.551020408157
    ],
    "S01": [
      69500,
      6306.167800453508
    ],
    "Scatter": [
      76550,
      6953.605442176866
    ],
    "ReelStop": [
      83600,
      234.01360544217198
    ]
  }
}