{
  "urls": [
    "audio4.mp3",
    "audio4.ogg",
    "audio4.m4a"
  ],
  "sprite": {
    "BaseSmartSound3": [
      0,
      1166.8027210884352
    ],
    "BonusLevel1SmartSound3": [
      2050,
      1166.8027210884352
    ],
    "BonusLevel2SmartSound3": [
      4100,
      1166.8027210884356
    ],
    "BonusLevel3SmartSound3": [
      6150,
      1166.8027210884356
    ],
    "BonusLevel4SmartSound3": [
      8200.000000000002,
      1166.8027210884356
    ],
    "BonusLevel5SmartSound3": [
      10250.000000000002,
      1166.8027210884356
    ],
    "DoorOpen": [
      12300.000000000002,
      2076.9841269841277
    ],
    "ButtonAutoPlay": [
      15350.000000000004,
      2252.3129251700684
    ],
    "ButtonAutoPlayStop": [
      18400.000000000004,
      2872.698412698412
    ],
    "ButtonBetDn": [
      21450.000000000004,
      1486.0544217687063
    ],
    "ButtonBetMax": [
      23500,
      1718.2539682539684
    ],
    "ButtonBetUp": [
      25550,
      1044.8752834467107
    ],
    "ButtonLinesDn": [
      27599.999999999996,
      1053.6281179138314
    ],
    "ButtonLinesMax": [
      29650,
      4965.510204081632
    ],
    "ButtonLinesUp": [
      34699.99999999999,
      1360.0907029478435
    ]
  }
}