{
  "urls": [
    "audio0.mp3",
    "audio0.ogg",
    "audio0.m4a"
  ],
  "sprite": {
    "BaseReelSpin1": [
      0,
      2611.156462585034
    ],
    "BaseReelSpin2": [
      3050,
      3227.437641723356
    ],
    "BaseReelSpin3": [
      7100.000000000001,
      3700.3854875283446
    ],
    "BaseReelSpin4": [
      11150,
      3718.8435374149653
    ],
    "BaseReelSpin5": [
      15200,
      2072.086167800453
    ],
    "BaseReelSpin6": [
      18250,
      2642.6984126984116
    ],
    "BaseReelSpin7": [
      21300,
      2061.8820861678023
    ],
    "StartUp": [
      24350,
      4690.385487528346
    ],
    "BonusBackgroundLevel1": [
      29400.000000000004,
      51543.628117913824
    ],
    "BonusBackgroundLevel2": [
      81450,
      6620.90702947846
    ],
    "BonusBackgroundLevel3": [
      88500,
      6276.689342403628
    ],
    "BonusBackgroundLevel4": [
      95550,
      5680.498866213156
    ],
    "BonusBackgroundLevel5": [
      101600.00000000001,
      5424.353741496603
    ],
    "BonusExit": [
      107650.00000000001,
      4690.385487528346
    ],
    "PreBonusMusicLoop": [
      112700.00000000001,
      7455.102040816329
    ],
    "Retrigger": [
      120750.00000000001,
      5085.124716553295
    ]
  }
}