{
  "urls": [
    "audio5.mp3",
    "audio5.ogg",
    "audio5.m4a"
  ],
  "sprite": {
    "BaseSmartSound1": [
      0,
      1143.5827664399092
    ],
    "BonusLevel1SmartSound1": [
      2050,
      1143.5827664399092
    ],
    "BonusLevel2SmartSound1": [
      4100,
      1143.5827664399092
    ],
    "BonusLevel3SmartSound1": [
      6149.999999999999,
      1143.5827664399092
    ],
    "BonusLevel4SmartSound1": [
      8200,
      1143.5827664399092
    ],
    "BonusLevel5SmartSound1": [
      10250,
      1143.5827664399092
    ],
    "BaseSmartSound4": [
      12300,
      1184.2176870748294
    ],
    "BonusLevel1SmartSound4": [
      14350,
      1184.2176870748294
    ],
    "BonusLevel2SmartSound4": [
      16400,
      1184.217687074831
    ],
    "BonusLevel3SmartSound4": [
      18450,
      1184.217687074831
    ],
    "BonusLevel4SmartSound4": [
      20500,
      1184.217687074831
    ],
    "BonusLevel5SmartSound4": [
      22550,
      1184.217687074831
    ],
    "DoorShut": [
      24600,
      2577.0521541950125
    ],
    "ButtonPaytableClose": [
      27650.000000000004,
      3436.530612244898
    ],
    "ButtonPaytableOpen": [
      31700.000000000004,
      3273.9909297052136
    ],
    "Wild1": [
      35750,
      1492.3356009070262
    ],
    "Wild2": [
      37800,
      1166.4172335600895
    ],
    "ButtonBetDn": [
      39849.99999999999,
      1486.0544217687063
    ],
    "ButtonBetMax": [
      41899.99999999999,
      1718.2539682539684
    ],
    "ButtonBetUp": [
      43949.999999999985,
      1044.8752834467143
    ],
    "ButtonLinesDn": [
      45999.99999999999,
      1053.6281179138314
    ],
    "ButtonLinesMax": [
      48049.99999999999,
      4965.510204081632
    ],
    "ButtonLinesUp": [
      53099.999999999985,
      1360.0907029478435
    ]
  }
}